点,tx均值,ty均值,tz均值,tx方差,ty方差,tz方差,cx均值,cy均值,cz均值,cx方差,cy方差,cz方差,两点距离
A,18.64532380952381,-13.64821904761905,-1629.6180476190475,2.536181405895662e-05,2.4399637188207482e-05,0.000984464399092578,-82.0162460810849,-47.27645465435273,-1644.2833779465054,8.423773114375219e-05,0.0002339959726185764,0.005443319652340818,107.1386102041526
B,18.64351428571429,-13.73455238095238,-1629.7910380952383,3.849741496598495e-05,2.1028208616779788e-05,0.0014235604535142614,-74.68463933948638,40.478216300541526,-1636.546827988561,0.0006991342891179587,0.0006054231839939517,0.006726574673452008,108.14254132525713
C,18.6836,-13.704333333333334,-1629.3726095238096,1.934476190476215e-05,3.266031746031766e-05,0.0008470380045358082,62.60578519746001,-86.61525535184926,-1673.0459051441644,0.00034080091646126835,0.00044224008640152867,0.006402481740990152,95.66879142360368
D,18.66004761904762,-13.685409523809522,-1627.004542857143,0.0001984072562358246,9.408943310657473e-05,0.002157029115646151,83.67188737845191,39.60032282554251,-1663.0198007172494,0.0005472027210879494,0.0007292665685678125,0.009302608757616153,91.44947993093892
E,18.68633333333333,-13.674885714285713,-1627.0758000000003,5.464126984127088e-05,8.480598639455956e-05,0.0009061600000003357,-83.69196517578979,-69.32753019563646,-1673.4990884759097,0.00026654558910439,0.0004904455133324118,0.005911785564814641,125.43386526894658
F,-3.697314000000001e+28,-3.697314000000001e+28,-3.697314000000001e+28,7.737125245533627e+25,7.737125245533627e+25,7.737125245533627e+25,48.69432470256152,-40.12283072769945,-1640.917722174325,0.001011437114842056,0.0014750286296751262,0.004678409187806171,6.403935699535717e+28
